faces/5_loongson/8.jpg;5
faces/5_loongson/5.jpg;5
faces/5_loongson/4.jpg;5
faces/5_loongson/6.jpg;5
faces/5_loongson/3.jpg;5
faces/5_loongson/1.jpg;5
faces/5_loongson/2.jpg;5
faces/5_loongson/9.jpg;5
faces/5_loongson/7.jpg;5
faces/5_loongson/10.jpg;5
faces/2_bbb/3.jpg;2
faces/2_bbb/1.jpg;2
faces/2_bbb/2.jpg;2
faces/9_czy/8.jpg;9
faces/9_czy/5.jpg;9
faces/9_czy/4.jpg;9
faces/9_czy/6.jpg;9
faces/9_czy/3.jpg;9
faces/9_czy/1.jpg;9
faces/9_czy/2.jpg;9
faces/9_czy/9.jpg;9
faces/9_czy/7.jpg;9
faces/9_czy/10.jpg;9
faces/4_jun/8.jpg;4
faces/4_jun/5.jpg;4
faces/4_jun/4.jpg;4
faces/4_jun/6.jpg;4
faces/4_jun/3.jpg;4
faces/4_jun/1.jpg;4
faces/4_jun/2.jpg;4
faces/4_jun/9.jpg;4
faces/4_jun/7.jpg;4
faces/4_jun/10.jpg;4
faces/8_zzy_jun/8.jpg;8
faces/8_zzy_jun/5.jpg;8
faces/8_zzy_jun/4.jpg;8
faces/8_zzy_jun/6.jpg;8
faces/8_zzy_jun/3.jpg;8
faces/8_zzy_jun/1.jpg;8
faces/8_zzy_jun/2.jpg;8
faces/8_zzy_jun/9.jpg;8
faces/8_zzy_jun/7.jpg;8
faces/8_zzy_jun/10.jpg;8
faces/3_1/8.jpg;3
faces/3_1/5.jpg;3
faces/3_1/4.jpg;3
faces/3_1/6.jpg;3
faces/3_1/3.jpg;3
faces/3_1/1.jpg;3
faces/3_1/2.jpg;3
faces/3_1/9.jpg;3
faces/3_1/7.jpg;3
faces/3_1/10.jpg;3
faces/7_newjun/8.jpg;7
faces/7_newjun/5.jpg;7
faces/7_newjun/4.jpg;7
faces/7_newjun/6.jpg;7
faces/7_newjun/3.jpg;7
faces/7_newjun/1.jpg;7
faces/7_newjun/2.jpg;7
faces/7_newjun/9.jpg;7
faces/7_newjun/7.jpg;7
faces/7_newjun/10.jpg;7
faces/6_junren/8.jpg;6
faces/6_junren/5.jpg;6
faces/6_junren/4.jpg;6
faces/6_junren/6.jpg;6
faces/6_junren/3.jpg;6
faces/6_junren/1.jpg;6
faces/6_junren/2.jpg;6
faces/6_junren/9.jpg;6
faces/6_junren/7.jpg;6
faces/6_junren/10.jpg;6
faces/1_aaa/3.jpg;1
faces/1_aaa/1.jpg;1
faces/1_aaa/2.jpg;1
